-- phpMyAdmin SQL Dump
-- version 3.5.5
-- http://www.phpmyadmin.net
--
-- Värd: sql3.freesqldatabase.com
-- Skapad: 08 apr 2014 kl 09:37
-- Serverversion: 5.5.35-0ubuntu0.12.04.2
-- PHP-version: 5.3.28

SET SQL_MODE="NO_AUTO_VALUE_ON_ZERO";
SET time_zone = "+00:00";


/*!40101 SET @OLD_CHARACTER_SET_CLIENT=@@CHARACTER_SET_CLIENT */;
/*!40101 SET @OLD_CHARACTER_SET_RESULTS=@@CHARACTER_SET_RESULTS */;
/*!40101 SET @OLD_COLLATION_CONNECTION=@@COLLATION_CONNECTION */;
/*!40101 SET NAMES utf8 */;

--
-- Databas: `sql330561`
--

-- --------------------------------------------------------

--
-- Tabellstruktur `customers`
--

CREATE TABLE IF NOT EXISTS `customers` (
  `id` int(10) NOT NULL AUTO_INCREMENT,
  `name` varchar(60) CHARACTER SET latin1 NOT NULL,
  `email` varchar(60) CHARACTER SET latin1 NOT NULL,
  `address` varchar(60) CHARACTER SET latin1 NOT NULL,
  `zipcode` mediumint(9) NOT NULL,
  `city` varchar(60) CHARACTER SET latin1 NOT NULL,
  `country` varchar(20) CHARACTER SET latin1 NOT NULL DEFAULT 'Sverige',
  PRIMARY KEY (`id`)
) ENGINE=InnoDB  DEFAULT CHARSET=utf8mb4 COLLATE=utf8mb4_unicode_ci AUTO_INCREMENT=180 ;

--
-- Dumpning av Data i tabell `customers`
--

INSERT INTO `customers` (`id`, `name`, `email`, `address`, `zipcode`, `city`, `country`) VALUES
(1, 'Sofie Nilsson', 'sofiehej@mail.se', 'Tullvägen 2', 94837, 'Kalix', 'Sverige'),
(2, 'ylva', 'ylvj@kgalk.com', 'fkj', 12345, 'falkjf', 'js'),
(3, 'twkl', 'lkj@skj.com', 'fa', 12345, 'fsöl', 'fs'),
(4, 'Ylva', 'ylva@hotmail.com', 'sglö', 12345, 'fölk', 'fsölk'),
(5, 'fksj', 'j@jk.com', 'gslök', 12345, 'flö', 'fsölk'),
(6, 'kjh', 'kjh@kh.com', 'dölk', 12345, 'dölk', 'föl'),
(7, ',fal', 'da@asfkl.com', 'flöa', 12345, 'fl', 'dalk'),
(8, 'jkakj', 'fk@kj.com', 'flkj', 12345, 'flskj', 'fsl'),
(9, 'jkakj', 'da@asfkl.com', 'fjk', 12333, 'rl', 'rföl'),
(10, 'jg', 'kjh@kh.com', 'hj', 12345, 'hjg', 'hg'),
(11, 'ylva', 'ylva@hotmail.com', 'flök', 12345, 'flök', 'flö'),
(12, 'ylva', 'ylva@hotmail.com', 'fslöö', 12345, 'fkl', 'flk'),
(13, 'r', 'j@jk.com', 'flk', 12345, 'flk', 'fk'),
(14, 'mfa', 'kjh@kh.com', 'flk', 12345, 'flk', 'flk'),
(15, 'mfa', 'kjh@kh.com', 'flk', 12345, 'flk', 'flk'),
(16, 'mfa', 'kjh@kh.com', 'flk', 12345, 'flk', 'flk'),
(17, 'jh', 'kjh@kh.com', 'fkj', 12345, 'fkj', 'fkj'),
(18, 'lkj', 'kjh@kh.com', 'lfk', 12345, 'lkf', 'flk'),
(19, 'fljk', 'lkj@klj.com', 'lk', 12344, 'lgk', 'flk'),
(20, 'ylvaa', 'ylva@hotmail.com', 'flk', 12345, 'flk', 'flk'),
(21, 'ff', 'k@kj.com', 'kfj', 12345, 'fkj', 'fkj'),
(22, 'jkfak', 'j@jk.com', 'lgj', 12345, 'ldk', 'flk'),
(23, 'ylvaa', 'lfk@flk.com', 'fjk', 12354, 'rlk', 'flk'),
(24, 'mfkh', 'lkj@klj.com', 'lfgk', 12345, 'flgk', 'flk'),
(25, 'jfkj', 'k@kj.com', 'flk', 12345, 'öfa', 'öf'),
(26, 'gl', 'kjh@kh.com', 'flk', 12345, 'fkl', 'flk'),
(27, 'mfkh', 'kjh@kh.com', 'kjf', 12354, 'fk', 'flk'),
(28, 'kjf', 'kjh@kh.com', 'kfjk', 12345, 'fkjfkj', 'fkjf'),
(29, 'dkj', 'kjh@kh.com', 'fk', 12345, 'flk', 'flk'),
(30, 'flka', 'kjh@kh.com', 'f', 12345, 'flk', 'flk'),
(31, 'fkqj', 'kjh@kh.com', 'fk', 12345, 'lk', 'flk'),
(32, 'fkj', 'ylva@hotmail.com', 'flk', 12345, 'flk', 'flk'),
(33, 'derp', 'foo@foo.derp', 'hej', 13372, 'Footown', 'Derpville'),
(34, 'ylva', 'ylva@hotmail.com', 'dlk', 12345, 'flk', 'flk'),
(35, ',sdmf,', 'ylvis@hotmail', 'flk', 12345, 'lkf', 'flk'),
(36, ',sdmf,', 'ylvis@hotmail', 'flk', 12345, 'lkf', 'flk'),
(37, ',sdmf,', 'ylvis@hotmail', 'flk', 12345, 'lkf', 'flk'),
(38, ',sdmf,', 'ylvis@hotmail', 'flk', 12345, 'lkf', 'flk'),
(39, ',sdmf,', 'ylvis@hotmail', 'flk', 12345, 'lkf', 'flk'),
(40, ',sdmf,', 'ylvis@hotmail', 'flk', 12345, 'lkf', 'flk'),
(41, 'Hallå där', 'kl@hej.se', 'fdsgkhsfdg', 78902, 'Lidf', 'fdgs'),
(42, ',sdmf,', 'ylvis@hotmail', 'flk', 12345, 'lkf', 'flk'),
(43, 'fkjk', 'lkf@ho.com', 'fkj', 12345, 'flk', 'f'),
(44, 'fkjk', 'lkf@ho.com', 'fkj', 12345, 'flk', 'f'),
(45, 'fkjk', 'lkf@ho.com', 'fkj', 12345, 'flk', 'f'),
(46, 'fkjk', 'lkf@ho.com', 'fkj', 12345, 'flk', 'f'),
(47, 'fkjk', 'lkf@ho.com', 'fkj', 12345, 'flk', 'f'),
(48, 'fkjk', 'lkf@ho.com', 'fkj', 12345, 'flk', 'f'),
(49, 'c', 'c@jk.com', 'kcj', 12345, 'kj', 'dkj'),
(50, 'c', 'c@jk.com', 'kcj', 12345, 'kj', 'dkj'),
(51, 'c', 'c@jk.com', 'kcj', 12345, 'kj', 'dkj'),
(52, 'c', 'c@jk.com', 'kcj', 12345, 'kj', 'dkj'),
(53, 'ylva', 'ylvis@hotmail.com', 'dj', 12345, 'dlk', 'flk'),
(54, 'ylva', 'ylvis@hotmail.com', 'dj', 12345, 'dlk', 'flk'),
(55, 'ylva', 'ylvis@hotmail.com', 'dj', 12345, 'dlk', 'flk'),
(56, 'ylva', 'ylvis@hotmail.com', 'dj', 12345, 'dlk', 'flk'),
(57, 'kfja', 'kfj@hotma.com', 'dlk', 12345, 'flk', 'flk'),
(58, 'kfja', 'kfj@hotma.com', 'dlk', 12345, 'flk', 'flk'),
(59, 'kfja', 'kfj@hotma.com', 'dlk', 12345, 'flk', 'flk'),
(60, 'kfja', 'kfj@hotma.com', 'dlk', 12345, 'flk', 'flk'),
(61, 'kfja', 'kfj@hotma.com', 'dlk', 12345, 'flk', 'flk'),
(62, 'kfja', 'kfj@hotma.com', 'dlk', 12345, 'flk', 'flk'),
(63, 'kfja', 'kfj@hotma.com', 'dlk', 12345, 'flk', 'flk'),
(64, 'kfja', 'kfj@hotma.com', 'dlk', 12345, 'flk', 'flk'),
(65, 'kfja', 'kfj@hotma.com', 'dlk', 12345, 'flk', 'flk'),
(66, 'kfja', 'kfj@hotma.com', 'dlk', 12345, 'flk', 'flk'),
(67, 'kfja', 'kfj@hotma.com', 'dlk', 12345, 'flk', 'flk'),
(68, 'kfja', 'kfj@hotma.com', 'dlk', 12345, 'flk', 'flk'),
(69, 'kfja', 'kfj@hotma.com', 'dlk', 12345, 'flk', 'flk'),
(70, 'kfja', 'kfj@hotma.com', 'dlk', 12345, 'flk', 'flk'),
(71, 'kfja', 'kfj@hotma.com', 'dlk', 12345, 'flk', 'flk'),
(72, 'kfja', 'kfj@hotma.com', 'dlk', 12345, 'flk', 'flk'),
(73, 'kfja', 'kfj@hotma.com', 'dlk', 12345, 'flk', 'flk'),
(74, 'dkj', 'kfj@hotma.comlk', 'dlk', 12345, 'flk', 'lk'),
(75, 'dkj', 'kfj@hotma.comlk', 'dlk', 12345, 'flk', 'lk'),
(76, 'dkj', 'kfj@hotma.comlk', 'dlk', 12345, 'flk', 'lk'),
(77, 'dkj', 'kfj@hotma.comlk', 'dlk', 12345, 'flk', 'lk'),
(78, 'dkj', 'kfj@hotma.comlk', 'dlk', 12345, 'flk', 'lk'),
(79, 'dkj', 'kfj@hotma.comlk', 'dlk', 12345, 'flk', 'lk'),
(80, 'fkj', 'kjlk@sa.comd', 'dlk', 12345, 'ldk', 'dlk'),
(81, 'fkj', 'kjlk@sa.comd', 'dlk', 12345, 'ldk', 'dlk'),
(82, 'fkj', 'kjlk@sa.comd', 'dlk', 12345, 'ldk', 'dlk'),
(83, 'fkj', 'kjlk@sa.comd', 'dlk', 12345, 'ldk', 'dlk'),
(84, 'fkj', 'kjlk@sa.comd', 'dlk', 12345, 'ldk', 'dlk'),
(85, 'fkj', 'kjlk@sa.comd', 'dlk', 12345, 'ldk', 'dlk'),
(86, 'fjk', 'fkl@hot.com', 'dlk', 12345, 'fkl', 'flk'),
(87, 'fkj', 'fakj@fjk.com', 'fkl', 12345, 'dj', 'dkj'),
(88, 'fkj', 'fakj@fjk.com', 'fkl', 12345, 'dj', 'dkj'),
(89, 'fkj', 'fakj@fjk.com', 'fkl', 12345, 'dj', 'dkj'),
(90, 'fkj', 'fakj@fjk.com', 'fkl', 12345, 'dj', 'dkj'),
(91, 'fkj', 'fakj@fjk.com', 'fkl', 12345, 'dj', 'dkj'),
(92, 'fkj', 'fakj@fjk.com', 'fkl', 12345, 'dj', 'dkj'),
(93, 'fkj', 'fakj@fjk.com', 'fkl', 12345, 'dj', 'dkj'),
(94, 'Ylva', 'ylva@hotmail.com', 'fkj', 12345, 'flk', 'f'),
(95, 'ylva', 'ylva@hotmail.com', 'dkl', 12345, 'flk', 'fl'),
(96, 'ylva', 'ylva@hotmail.com', 'dkl', 12345, 'flk', 'fl'),
(97, 'ylva', 'ylva@hotmail.com', 'dkl', 12345, 'flk', 'fl'),
(98, 'ylva', 'ylva@hotmail.com', 'dkl', 12345, 'flk', 'fl'),
(99, 'kf', 'kjlk@sa.comd', 'dkj', 12345, 'fk', 'flk'),
(100, 'kf', 'kjlk@sa.comd', 'dkj', 12345, 'fk', 'flk'),
(101, 'kf', 'kjlk@sa.comd', 'dkj', 12345, 'fk', 'flk'),
(102, 'kf', 'kjlk@sa.comd', 'dkj', 12345, 'fk', 'flk'),
(103, 'kf', 'kjlk@sa.comd', 'dkj', 12345, 'fk', 'flk'),
(104, 'kf', 'kjlk@sa.comd', 'dkj', 12345, 'fk', 'flk'),
(105, 'kf', 'kjlk@sa.comd', 'dkj', 12345, 'fk', 'flk'),
(106, 'kf', 'kjlk@sa.comd', 'dkj', 12345, 'fk', 'flk'),
(107, 'kf', 'kjlk@sa.comd', 'dkj', 12345, 'fk', 'flk'),
(108, 'kf', 'kjlk@sa.comd', 'dkj', 12345, 'fk', 'flk'),
(109, 'kf', 'kjlk@sa.comd', 'dkj', 12345, 'fk', 'flk'),
(110, 'kf', 'kjlk@sa.comd', 'dkj', 12345, 'fk', 'flk'),
(111, 'kf', 'kjlk@sa.comd', 'dkj', 12345, 'fk', 'flk'),
(112, 'kf', 'kjlk@sa.comd', 'dkj', 12345, 'fk', 'flk'),
(113, 'kf', 'kjlk@sa.comd', 'dkj', 12345, 'fk', 'flk'),
(114, 'kf', 'kjlk@sa.comd', 'dkj', 12345, 'fk', 'flk'),
(115, 'kf', 'kjlk@sa.comd', 'dkj', 12345, 'fk', 'flk'),
(116, 'kf', 'kjlk@sa.comd', 'dkj', 12345, 'fk', 'flk'),
(117, 'kf', 'kjlk@sa.comd', 'dkj', 12345, 'fk', 'flk'),
(118, 'kf', 'kjlk@sa.comd', 'dkj', 12345, 'fk', 'flk'),
(119, 'kf', 'kjlk@sa.comd', 'dkj', 12345, 'fk', 'flk'),
(120, 'kf', 'kjlk@sa.comd', 'dkj', 12345, 'fk', 'flk'),
(121, 'kf', 'kjlk@sa.comd', 'dkj', 12345, 'fk', 'flk'),
(122, 'kf', 'kjlk@sa.comd', 'dkj', 12345, 'fk', 'flk'),
(123, 'kf', 'kjlk@sa.comd', 'dkj', 12345, 'fk', 'flk'),
(124, 'kf', 'kjlk@sa.comd', 'dkj', 12345, 'fk', 'flk'),
(125, 'kj', 'kfj@hotma.com', 'dl', 12344, 'f', 'l'),
(126, 'lkdvslkq', 'lkf@ho.com', 'dlk', 12345, 'flk', 'flk'),
(127, 'fkhj', 'fkl@hot.com', 'fl', 12345, 'flk', 'flk'),
(128, 'mcn', 'kjlk@sa.comd', 'flk', 12352, 'emn', 'e,m'),
(129, 'k', 'fkl@hot.com', 'fkj', 12345, 'flk', 'f'),
(130, 'fkj', 'ylvis@hotmail', 'flk', 12345, 'gn', 'fgh'),
(131, 'fkj', 'ylvis@hotmail', 'flk', 12345, 'gn', 'fgh'),
(132, 'fkj', 'ylvis@hotmail', 'flk', 12345, 'gn', 'fgh'),
(133, 't', 'ylva@hotmail.com', 'g', 12345, 'fg', 'fg'),
(134, 't', 'ylva@hotmail.com', 'flk', 12345, 'fk', 'dlk'),
(135, 't', 'ylva@hotmail.com', 'flk', 12345, 'fk', 'dlk'),
(136, 'ylva', 'ylva@hotmail.com', 'fl', 12345, 'fg', 'dfg'),
(137, 'kjt', 'ylvis@hotmail.com', 'fk', 12345, 'f', 'f'),
(138, 'kjt', 'ylvis@hotmail.com', 'fk', 12345, 'f', 'f'),
(139, 'kj', 'fakj@fjk.com', 'dkj', 12345, 'r', 'f'),
(140, 'fkj', 'kjlk@sa.comd', 'fkj', 12345, 'gl', 'v'),
(141, 'bf', 'ylva@hotmail.com', 'f', 12345, 'd', 'd'),
(142, 'ke', 'kjlk@sa.comd', 'dlk', 64567, 'flk', 'flk'),
(143, 'ke', 'kjlk@sa.comd', 'dlk', 64567, 'flk', 'flk'),
(144, 'ke', 'kjlk@sa.comd', 'dlk', 64567, 'flk', 'flk'),
(145, 'södk', 'kl@hej.se', 'dfgkl', 12345, 'klj', 'lkj'),
(146, 'hej', 'kl@hej.se', 'dfgkl', 12345, 'klj', 'fdgs'),
(147, 'hej', 'kl@hej.se', 'dfgkl', 12345, 'klj', 'fdgs'),
(148, 'hej', 'kl@hej.se', 'dfgkl', 12345, 'klj', 'fdgs'),
(149, 'hej', 'kl@hej.se', 'dfgkl', 12345, 'klj', 'fdgs'),
(150, 'hej', 'kl@hej.se', 'dfgkl', 12345, 'klj', 'fdgs'),
(151, 'hej', 'kl@hej.se', 'dfgkl', 12345, 'klj', 'fdgs'),
(152, 'hej', 'kl@hej.se', 'dfgkl', 12345, 'klj', 'fdgs'),
(153, 'hej', 'kl@hej.se', 'dfgkl', 12345, 'klj', 'fdgs'),
(154, 'hej', 'kl@hej.se', 'dfgkl', 12345, 'klj', 'fdgs'),
(155, 'derp', 'dundee@derp.com', 'foo', 12312, 'asda', 'gaeasd'),
(156, 'qwe', 'dundee@derp.com', 'aderp', 12312, 'tgg', 'qwer'),
(157, 'qwe', 'dundee@derp.com', 'aderp', 12312, 'tgg', 'qwer'),
(158, 'Sofie Nilsson', 'sofiehej@mail.se', 'ljddg', 12345, 'dsgds', 'gsd'),
(159, 'Sofie Nilsson', 'sofiehej@mail.se', 'ljddg', 12345, 'dsgds', 'gsd'),
(160, 'sdf', 'dsf@jg.se', 'lsdgj', 12345, 'klj', 'fdgs'),
(161, 'sdf', 'dsf@jg.se', 'lsdgj', 12345, 'klj', 'fdgs'),
(162, 'sdf', 'dsf@jg.se', 'lsdgj', 12345, 'klj', 'fdgs'),
(163, 'sdf', 'dsf@jg.se', 'lsdgj', 12345, 'klj', 'fdgs'),
(164, 'sdf', 'dsf@jg.se', 'lsdgj', 12345, 'klj', 'fdgs'),
(165, 'hej', 'kl@hej.se', 'dfgkl', 12345, 'klj', 'fdgs'),
(166, 'hej', 'kl@hej.se', 'dfgkl', 12345, 'klj', 'fdgs'),
(167, 'hej', 'kl@hej.se', 'dfgkl', 12345, 'klj', 'fdgs'),
(168, 'hej', 'kl@hej.se', 'dfgkl', 12345, 'klj', 'fdgs'),
(169, 'derp', 'dundee@derp.com', 'foo', 33333, 'Österbybruk', 'Sweden'),
(170, 'hej', 'kl@hej.se', 'dfgkl', 12345, 'klj', 'fdgs'),
(171, 'hej', 'kl@hej.se', 'dfgkl', 12345, 'klj', 'fdgs'),
(172, 'hej', 'kl@hej.se', 'dfgkl', 12345, 'klj', 'fdgs'),
(173, 'hej', 'kl@hej.se', 'dfgkl', 12345, 'klj', 'fdgs'),
(174, 'hej', 'kl@hej.se', 'dfgkl', 12345, 'klj', 'fdgs'),
(175, 'Sofie Nilsson', 'kl@hej.se', 'dfgkl', 12345, 'klj', 'fdgs'),
(176, 'Sofie Nilsson', 'kl@hej.se', 'Tullvägen 2', 78902, 'Kalix', 'Sverige'),
(177, 'Sofie Nilsson', 'kl@hej.se', 'Tullvägen 2', 12345, 'Kalix', 'Sverige'),
(178, 'Sofie Nilsson', 'kl@hej.se', 'Tullvägen 2', 12345, 'Kalix', 'Sverige'),
(179, 'Sofie Nilsson', 'kl@hej.se', 'Tullvägen 2', 12345, 'Kalix', 'Sverige');

-- --------------------------------------------------------

--
-- Tabellstruktur `inventory_items`
--

CREATE TABLE IF NOT EXISTS `inventory_items` (
  `amount` int(11) NOT NULL,
  `id` int(11) NOT NULL AUTO_INCREMENT,
  `item_id` int(11) NOT NULL,
  PRIMARY KEY (`id`)
) ENGINE=InnoDB  DEFAULT CHARSET=utf8mb4 COLLATE=utf8mb4_unicode_ci AUTO_INCREMENT=183 ;

--
-- Dumpning av Data i tabell `inventory_items`
--

INSERT INTO `inventory_items` (`amount`, `id`, `item_id`) VALUES
(15, 1, 1),
(15, 2, 2),
(15, 3, 3),
(15, 4, 4),
(15, 5, 5),
(15, 6, 6),
(15, 7, 7),
(15, 8, 8),
(15, 9, 9),
(15, 10, 10),
(15, 11, 11),
(15, 12, 12),
(15, 13, 13),
(15, 14, 14),
(15, 15, 15),
(15, 16, 16),
(15, 17, 17),
(15, 18, 18),
(15, 19, 19),
(15, 20, 20),
(15, 21, 21),
(15, 22, 22),
(15, 23, 23),
(15, 24, 24),
(15, 25, 25),
(15, 26, 26),
(15, 27, 27),
(15, 28, 28),
(15, 29, 29),
(15, 30, 30),
(15, 31, 31),
(15, 32, 32),
(15, 33, 33),
(15, 34, 34),
(15, 35, 35),
(15, 36, 36),
(15, 37, 37),
(15, 38, 38),
(15, 39, 39),
(15, 40, 40),
(15, 41, 41),
(15, 42, 42),
(15, 43, 43),
(15, 44, 44),
(15, 45, 45),
(15, 46, 46),
(15, 47, 47),
(15, 48, 48),
(15, 49, 49),
(15, 50, 50),
(15, 51, 51),
(15, 52, 52),
(15, 53, 53),
(15, 54, 54),
(15, 55, 55),
(15, 56, 56),
(15, 57, 57),
(15, 58, 58),
(15, 59, 59),
(15, 60, 60),
(15, 61, 61),
(15, 62, 62),
(15, 63, 63),
(15, 64, 64),
(15, 65, 65),
(15, 66, 66),
(15, 67, 67),
(15, 68, 68),
(15, 69, 69),
(15, 70, 70),
(15, 71, 71),
(15, 72, 72),
(15, 73, 73),
(15, 74, 74),
(15, 75, 75),
(15, 76, 76),
(15, 77, 77),
(15, 78, 78),
(15, 79, 79),
(15, 80, 80),
(15, 81, 81),
(15, 82, 82),
(15, 83, 83),
(15, 84, 84),
(15, 85, 85),
(15, 86, 86),
(15, 87, 87),
(15, 88, 88),
(15, 89, 89),
(15, 90, 90),
(15, 91, 91),
(15, 92, 92),
(15, 93, 93),
(15, 94, 94),
(15, 95, 95),
(15, 96, 96),
(15, 97, 97),
(15, 98, 98),
(15, 99, 99),
(15, 100, 100),
(15, 101, 101),
(15, 102, 102),
(15, 103, 103),
(15, 104, 104),
(15, 105, 105),
(15, 106, 106),
(15, 107, 107),
(15, 108, 108),
(15, 109, 109),
(15, 110, 110),
(15, 111, 111),
(15, 112, 112),
(15, 113, 113),
(15, 114, 114),
(15, 115, 115),
(15, 116, 116),
(15, 117, 117),
(15, 118, 118),
(15, 119, 119),
(15, 120, 120),
(15, 121, 121),
(15, 122, 122),
(15, 123, 123),
(15, 124, 124),
(15, 125, 125),
(15, 126, 126),
(15, 127, 127),
(15, 128, 128),
(15, 129, 129),
(15, 130, 130),
(15, 131, 131),
(15, 132, 132),
(15, 133, 133),
(15, 134, 134),
(15, 135, 135),
(15, 136, 136),
(15, 137, 137),
(15, 138, 138),
(15, 139, 139),
(15, 140, 140),
(15, 141, 141),
(15, 142, 142),
(15, 143, 143),
(15, 144, 144),
(15, 145, 145),
(15, 146, 146),
(15, 147, 147),
(15, 148, 148),
(15, 149, 149),
(15, 150, 150),
(15, 151, 151),
(15, 152, 152),
(15, 153, 153),
(15, 154, 154),
(15, 155, 155),
(15, 156, 156),
(15, 157, 157),
(15, 158, 158),
(15, 159, 159),
(15, 160, 160),
(15, 161, 161),
(15, 162, 162),
(15, 163, 163),
(15, 164, 164),
(15, 165, 165),
(15, 166, 166),
(15, 167, 167),
(15, 168, 168),
(15, 169, 169),
(15, 170, 170),
(15, 171, 171),
(15, 172, 172),
(15, 173, 173),
(15, 174, 174),
(15, 175, 175),
(15, 176, 176),
(15, 177, 177),
(15, 178, 178),
(15, 179, 179),
(15, 180, 180),
(15, 181, 181),
(15, 182, 182);

-- --------------------------------------------------------

--
-- Tabellstruktur `items`
--

CREATE TABLE IF NOT EXISTS `items` (
  `id` int(10) NOT NULL AUTO_INCREMENT,
  `tee_id` int(10) NOT NULL,
  `size` varchar(4) COLLATE utf8mb4_unicode_ci NOT NULL,
  PRIMARY KEY (`id`)
) ENGINE=InnoDB  DEFAULT CHARSET=utf8mb4 COLLATE=utf8mb4_unicode_ci AUTO_INCREMENT=183 ;

--
-- Dumpning av Data i tabell `items`
--

INSERT INTO `items` (`id`, `tee_id`, `size`) VALUES
(1, 1, 'XS'),
(2, 1, 'S'),
(3, 1, 'M'),
(4, 1, 'L'),
(5, 1, 'XL'),
(6, 1, 'XXL'),
(7, 1, 'XXXL'),
(8, 2, 'XS'),
(9, 2, 'S'),
(10, 2, 'M'),
(11, 2, 'L'),
(12, 2, 'XL'),
(13, 2, 'XXL'),
(14, 2, 'XXXL'),
(15, 3, 'XS'),
(16, 3, 'S'),
(17, 3, 'M'),
(18, 3, 'L'),
(19, 3, 'XL'),
(20, 3, 'XXL'),
(21, 3, 'XXXL'),
(22, 4, 'XS'),
(23, 4, 'S'),
(24, 4, 'M'),
(25, 4, 'L'),
(26, 4, 'XL'),
(27, 4, 'XXL'),
(28, 4, 'XXXL'),
(29, 5, 'XS'),
(30, 5, 'S'),
(31, 5, 'M'),
(32, 5, 'L'),
(33, 5, 'XL'),
(34, 5, 'XXL'),
(35, 5, 'XXXL'),
(36, 6, 'XS'),
(37, 6, 'S'),
(38, 6, 'M'),
(39, 6, 'L'),
(40, 6, 'XL'),
(41, 6, 'XXL'),
(42, 6, 'XXXL'),
(43, 7, 'XS'),
(44, 7, 'S'),
(45, 7, 'M'),
(46, 7, 'L'),
(47, 7, 'XL'),
(48, 7, 'XXL'),
(49, 7, 'XXXL'),
(50, 8, 'XS'),
(51, 8, 'S'),
(52, 8, 'M'),
(53, 8, 'L'),
(54, 8, 'XL'),
(55, 8, 'XXL'),
(56, 8, 'XXXL'),
(57, 9, 'XS'),
(58, 9, 'S'),
(59, 9, 'M'),
(60, 9, 'L'),
(61, 9, 'XL'),
(62, 9, 'XXL'),
(63, 9, 'XXXL'),
(64, 10, 'XS'),
(65, 10, 'S'),
(66, 10, 'M'),
(67, 10, 'L'),
(68, 10, 'XL'),
(69, 10, 'XXL'),
(70, 10, 'XXXL'),
(71, 11, 'XS'),
(72, 11, 'S'),
(73, 11, 'M'),
(74, 11, 'L'),
(75, 11, 'XL'),
(76, 11, 'XXL'),
(77, 11, 'XXXL'),
(78, 12, 'XS'),
(79, 12, 'S'),
(80, 12, 'M'),
(81, 12, 'L'),
(82, 12, 'XL'),
(83, 12, 'XXL'),
(84, 12, 'XXXL'),
(85, 13, 'XS'),
(86, 13, 'S'),
(87, 13, 'M'),
(88, 13, 'L'),
(89, 13, 'XL'),
(90, 13, 'XXL'),
(91, 13, 'XXXL'),
(92, 14, 'XS'),
(93, 14, 'S'),
(94, 14, 'M'),
(95, 14, 'L'),
(96, 14, 'XL'),
(97, 14, 'XXL'),
(98, 14, 'XXXL'),
(99, 15, 'XS'),
(100, 15, 'S'),
(101, 15, 'M'),
(102, 15, 'L'),
(103, 15, 'XL'),
(104, 15, 'XXL'),
(105, 15, 'XXXL'),
(106, 16, 'XS'),
(107, 16, 'S'),
(108, 16, 'M'),
(109, 16, 'L'),
(110, 16, 'XL'),
(111, 16, 'XXL'),
(112, 16, 'XXXL'),
(113, 17, 'XS'),
(114, 17, 'S'),
(115, 17, 'M'),
(116, 17, 'L'),
(117, 17, 'XL'),
(118, 17, 'XXL'),
(119, 17, 'XXXL'),
(120, 18, 'XS'),
(121, 18, 'S'),
(122, 18, 'M'),
(123, 18, 'L'),
(124, 18, 'XL'),
(125, 18, 'XXL'),
(126, 18, 'XXXL'),
(127, 19, 'XS'),
(128, 19, 'S'),
(129, 19, 'M'),
(130, 19, 'L'),
(131, 19, 'XL'),
(132, 19, 'XXL'),
(133, 19, 'XXXL'),
(134, 20, 'XS'),
(135, 20, 'S'),
(136, 20, 'M'),
(137, 20, 'L'),
(138, 20, 'XL'),
(139, 20, 'XXL'),
(140, 20, 'XXXL'),
(141, 21, 'XS'),
(142, 21, 'S'),
(143, 21, 'M'),
(144, 21, 'L'),
(145, 21, 'XL'),
(146, 21, 'XXL'),
(147, 21, 'XXXL'),
(148, 22, 'XS'),
(149, 22, 'S'),
(150, 22, 'M'),
(151, 22, 'L'),
(152, 22, 'XL'),
(153, 22, 'XXL'),
(154, 22, 'XXXL'),
(155, 23, 'XS'),
(156, 23, 'S'),
(157, 23, 'M'),
(158, 23, 'L'),
(159, 23, 'XL'),
(160, 23, 'XXL'),
(161, 23, 'XXXL'),
(162, 24, 'XS'),
(163, 24, 'S'),
(164, 24, 'M'),
(165, 24, 'L'),
(166, 24, 'XL'),
(167, 24, 'XXL'),
(168, 24, 'XXXL'),
(169, 25, 'XS'),
(170, 25, 'S'),
(171, 25, 'M'),
(172, 25, 'L'),
(173, 25, 'XL'),
(174, 25, 'XXL'),
(175, 25, 'XXXL'),
(176, 26, 'XS'),
(177, 26, 'S'),
(178, 26, 'M'),
(179, 26, 'L'),
(180, 26, 'XL'),
(181, 26, 'XXL'),
(182, 26, 'XXXL');

-- --------------------------------------------------------

--
-- Tabellstruktur `orders`
--

CREATE TABLE IF NOT EXISTS `orders` (
  `id` int(6) NOT NULL AUTO_INCREMENT,
  `status` varchar(60) CHARACTER SET latin1 NOT NULL,
  `created` datetime NOT NULL,
  `customer_id` int(6) NOT NULL,
  `price` int(11) NOT NULL DEFAULT '0',
  `shipping` int(11) NOT NULL DEFAULT '49',
  PRIMARY KEY (`id`)
) ENGINE=InnoDB  DEFAULT CHARSET=utf8mb4 COLLATE=utf8mb4_unicode_ci AUTO_INCREMENT=146 ;

--
-- Dumpning av Data i tabell `orders`
--

INSERT INTO `orders` (`id`, `status`, `created`, `customer_id`, `price`, `shipping`) VALUES
(1, 'oklar', '2014-04-03 06:20:12', 2, 0, 49),
(2, 'oklar', '2014-04-03 06:27:54', 2, 0, 49),
(3, 'oklar', '2014-04-03 07:40:57', 2, 0, 49),
(4, 'oklar', '2014-04-03 07:53:04', 2, 0, 49),
(5, 'oklar', '2014-04-03 08:20:39', 2, 0, 49),
(6, 'oklar', '2014-04-03 08:33:47', 2, 0, 49),
(7, 'oklar', '2014-04-03 08:49:40', 8, 0, 49),
(8, 'oklar', '2014-04-03 08:50:53', 9, 0, 49),
(9, 'oklar', '2014-04-03 08:56:42', 10, 0, 49),
(10, 'oklar', '2014-04-03 08:58:19', 11, 0, 49),
(11, 'oklar', '2014-04-03 09:03:21', 12, 0, 49),
(12, 'oklar', '2014-04-03 09:08:31', 13, 0, 49),
(13, 'oklar', '2014-04-03 09:19:08', 14, 0, 49),
(14, 'oklar', '2014-04-03 09:19:11', 15, 0, 49),
(15, 'oklar', '2014-04-03 09:19:13', 16, 0, 49),
(16, 'oklar', '2014-04-03 09:22:30', 17, 0, 49),
(17, 'oklar', '2014-04-03 09:28:30', 18, 0, 49),
(18, 'oklar', '2014-04-03 09:30:41', 19, 0, 49),
(19, 'oklar', '2014-04-03 09:33:15', 20, 0, 49),
(20, 'oklar', '2014-04-03 09:38:52', 21, 0, 49),
(21, 'oklar', '2014-04-03 09:47:46', 22, 0, 49),
(22, 'oklar', '2014-04-03 09:52:45', 23, 0, 49),
(23, 'oklar', '2014-04-03 09:55:29', 24, 0, 49),
(24, 'oklar', '2014-04-03 09:57:05', 25, 0, 49),
(25, 'oklar', '2014-04-03 09:59:31', 26, 0, 49),
(26, 'oklar', '2014-04-03 10:02:08', 27, 0, 49),
(27, 'oklar', '2014-04-03 10:04:08', 28, 0, 49),
(28, 'oklar', '2014-04-03 10:07:53', 29, 0, 49),
(29, 'oklar', '2014-04-03 10:16:46', 30, 0, 49),
(30, 'oklar', '2014-04-03 10:20:08', 31, 0, 49),
(31, 'oklar', '2014-04-03 10:24:32', 32, 0, 49),
(32, 'oklar', '2014-04-03 10:38:38', 33, 0, 49),
(33, 'oklar', '2014-04-04 05:51:56', 34, 0, 49),
(34, 'oklar', '2014-04-04 05:56:38', 35, 0, 49),
(35, 'oklar', '2014-04-04 05:57:38', 36, 0, 49),
(36, 'oklar', '2014-04-04 05:58:49', 37, 0, 49),
(37, 'oklar', '2014-04-04 06:02:16', 38, 0, 49),
(38, 'oklar', '2014-04-04 06:04:28', 39, 0, 49),
(39, 'oklar', '2014-04-04 06:07:00', 40, 0, 49),
(40, 'oklar', '2014-04-04 06:16:46', 41, 0, 49),
(41, 'oklar', '2014-04-04 06:17:02', 42, 0, 49),
(42, 'oklar', '2014-04-04 06:30:07', 44, 0, 49),
(43, 'oklar', '2014-04-04 06:31:45', 47, 0, 49),
(44, 'oklar', '2014-04-04 06:32:39', 48, 0, 49),
(45, 'oklar', '2014-04-04 06:33:46', 49, 0, 49),
(46, 'oklar', '2014-04-04 06:34:15', 50, 0, 49),
(47, 'oklar', '2014-04-04 06:35:42', 51, 0, 49),
(48, 'oklar', '2014-04-04 06:36:49', 52, 0, 49),
(49, 'oklar', '2014-04-04 06:40:18', 53, 0, 49),
(50, 'oklar', '2014-04-04 06:43:03', 54, 0, 49),
(51, 'oklar', '2014-04-04 06:44:29', 55, 0, 49),
(52, 'oklar', '2014-04-04 06:53:12', 56, 0, 49),
(53, 'oklar', '2014-04-04 06:58:40', 57, 0, 49),
(54, 'oklar', '2014-04-04 07:06:55', 58, 0, 49),
(55, 'oklar', '2014-04-04 07:09:38', 59, 0, 49),
(56, 'oklar', '2014-04-04 07:14:16', 60, 0, 49),
(57, 'oklar', '2014-04-04 07:14:36', 61, 0, 49),
(58, 'oklar', '2014-04-04 07:16:47', 62, 0, 49),
(59, 'oklar', '2014-04-04 07:17:51', 63, 0, 49),
(60, 'oklar', '2014-04-04 07:20:16', 64, 0, 49),
(61, 'oklar', '2014-04-04 07:22:22', 65, 0, 49),
(62, 'oklar', '2014-04-04 07:24:42', 66, 0, 49),
(63, 'oklar', '2014-04-04 07:25:26', 67, 0, 49),
(64, 'oklar', '2014-04-04 07:25:51', 68, 0, 49),
(65, 'oklar', '2014-04-04 07:28:44', 69, 0, 49),
(66, 'oklar', '2014-04-04 07:29:52', 70, 0, 49),
(67, 'oklar', '2014-04-04 07:30:20', 71, 0, 49),
(68, 'oklar', '2014-04-04 07:30:43', 72, 0, 49),
(69, 'oklar', '2014-04-04 07:32:02', 73, 0, 49),
(70, 'oklar', '2014-04-04 07:35:18', 74, 0, 49),
(71, 'oklar', '2014-04-04 07:44:15', 75, 0, 49),
(72, 'oklar', '2014-04-04 07:48:57', 76, 0, 49),
(73, 'oklar', '2014-04-04 07:57:56', 77, 0, 49),
(74, 'oklar', '2014-04-04 07:59:13', 78, 0, 49),
(75, 'oklar', '2014-04-04 07:59:40', 79, 0, 49),
(76, 'oklar', '2014-04-04 08:00:23', 80, 0, 49),
(77, 'oklar', '2014-04-04 08:02:28', 81, 0, 49),
(78, 'oklar', '2014-04-04 08:05:41', 82, 0, 49),
(79, 'oklar', '2014-04-04 08:31:38', 83, 0, 49),
(80, 'oklar', '2014-04-04 08:40:56', 84, 0, 49),
(81, 'oklar', '2014-04-04 08:47:28', 85, 0, 49),
(82, 'oklar', '2014-04-04 08:59:03', 86, 0, 49),
(83, 'oklar', '2014-04-04 09:02:48', 87, 0, 49),
(84, 'oklar', '2014-04-04 09:02:53', 88, 0, 49),
(85, 'oklar', '2014-04-04 09:17:38', 89, 0, 49),
(86, 'oklar', '2014-04-04 09:18:40', 90, 0, 49),
(87, 'oklar', '2014-04-04 09:20:07', 91, 0, 49),
(88, 'oklar', '2014-04-04 09:23:44', 92, 0, 49),
(89, 'oklar', '2014-04-04 09:24:09', 93, 0, 49),
(90, 'oklar', '2014-04-04 09:24:36', 94, 0, 49),
(91, 'oklar', '2014-04-04 09:25:52', 95, 0, 49),
(92, 'oklar', '2014-04-04 09:26:41', 96, 0, 49),
(93, 'oklar', '2014-04-04 09:28:47', 97, 0, 49),
(94, 'oklar', '2014-04-04 09:33:01', 98, 0, 49),
(95, 'oklar', '2014-04-04 10:05:39', 99, 0, 49),
(96, 'oklar', '2014-04-04 10:06:45', 100, 0, 49),
(97, 'oklar', '2014-04-04 10:07:30', 101, 0, 49),
(98, 'oklar', '2014-04-04 10:19:20', 105, 0, 49),
(99, 'oklar', '2014-04-04 10:20:02', 106, 0, 49),
(100, 'oklar', '2014-04-04 10:20:40', 107, 0, 49),
(101, 'oklar', '2014-04-04 10:21:01', 108, 0, 49),
(102, 'oklar', '2014-04-04 10:21:19', 109, 0, 49),
(103, 'oklar', '2014-04-04 10:21:30', 110, 0, 49),
(104, 'oklar', '2014-04-04 10:21:38', 111, 0, 49),
(105, 'oklar', '2014-04-04 10:22:05', 112, 0, 49),
(106, 'oklar', '2014-04-04 10:22:31', 113, 0, 49),
(107, 'oklar', '2014-04-04 10:22:54', 114, 0, 49),
(108, 'oklar', '2014-04-04 10:23:26', 115, 0, 49),
(109, 'oklar', '2014-04-04 10:23:43', 116, 0, 49),
(110, 'oklar', '2014-04-04 10:24:02', 117, 0, 49),
(111, 'oklar', '2014-04-04 10:26:14', 118, 0, 49),
(112, 'oklar', '2014-04-04 10:28:03', 119, 0, 49),
(113, 'oklar', '2014-04-04 10:28:38', 120, 0, 49),
(114, 'oklar', '2014-04-04 10:29:02', 121, 0, 49),
(115, 'oklar', '2014-04-04 10:29:13', 122, 0, 49),
(116, 'oklar', '2014-04-04 10:29:48', 123, 0, 49),
(117, 'oklar', '2014-04-04 10:32:38', 124, 0, 49),
(118, 'oklar', '2014-04-04 10:33:42', 125, 0, 49),
(119, 'oklar', '2014-04-04 10:36:53', 126, 0, 49),
(122, 'oklar', '2014-04-06 05:06:40', 149, 0, 49),
(124, 'oklar', '2014-04-06 06:28:24', 2, 813, 49),
(125, 'oklar', '2014-04-08 07:54:01', 159, 447, 49),
(126, 'oklar', '2014-04-08 08:09:18', 160, 278, 49),
(127, 'oklar', '2014-04-08 08:11:42', 161, 278, 49),
(128, 'oklar', '2014-04-08 08:12:52', 162, 278, 49),
(129, 'oklar', '2014-04-08 08:13:21', 163, 278, 49),
(130, 'oklar', '2014-04-08 08:15:46', 164, 278, 49),
(131, 'oklar', '2014-04-08 08:18:46', 165, 417, 49),
(132, 'oklar', '2014-04-08 08:22:12', 166, 417, 49),
(133, 'oklar', '2014-04-08 08:27:42', 167, 278, 49),
(134, 'oklar', '2014-04-08 08:28:45', 168, 278, 49),
(135, 'oklar', '2014-04-08 06:32:44', 2, 1192, 49),
(136, 'oklar', '2014-04-08 08:42:40', 170, 189, 49),
(137, 'oklar', '2014-04-08 08:44:48', 171, 358, 49),
(138, 'oklar', '2014-04-08 08:52:58', 172, 139, 49),
(139, 'oklar', '2014-04-08 08:54:37', 173, 139, 49),
(140, 'oklar', '2014-04-08 08:55:34', 174, 139, 49),
(141, 'oklar', '2014-04-08 08:58:56', 175, 139, 49),
(142, 'oklar', '2014-04-08 09:04:14', 176, 139, 49),
(143, 'oklar', '2014-04-08 09:05:12', 177, 139, 49),
(144, 'oklar', '2014-04-08 09:06:34', 178, 169, 49),
(145, 'oklar', '2014-04-08 09:09:15', 179, 954, 49);

-- --------------------------------------------------------

--
-- Tabellstruktur `order_items`
--

CREATE TABLE IF NOT EXISTS `order_items` (
  `id` int(10) NOT NULL AUTO_INCREMENT,
  `item_id` int(6) NOT NULL,
  `order_id` smallint(6) NOT NULL,
  `amount` int(11) NOT NULL,
  `price` int(11) NOT NULL,
  PRIMARY KEY (`id`)
) ENGINE=InnoDB  DEFAULT CHARSET=utf8mb4 COLLATE=utf8mb4_unicode_ci AUTO_INCREMENT=214 ;

--
-- Dumpning av Data i tabell `order_items`
--

INSERT INTO `order_items` (`id`, `item_id`, `order_id`, `amount`, `price`) VALUES
(1, 85, 1, 1, 0),
(2, 43, 1, 1, 0),
(3, 43, 2, 1, 0),
(4, 43, 3, 1, 0),
(5, 45, 3, 1, 0),
(6, 43, 4, 1, 0),
(7, 85, 5, 1, 0),
(8, 85, 6, 1, 0),
(9, 85, 7, 1, 0),
(10, 85, 8, 1, 0),
(11, 85, 9, 1, 0),
(12, 85, 10, 1, 0),
(13, 85, 11, 1, 0),
(14, 85, 12, 1, 0),
(15, 43, 13, 1, 0),
(16, 43, 14, 1, 0),
(17, 43, 15, 1, 0),
(18, 43, 16, 1, 0),
(19, 43, 17, 1, 0),
(20, 85, 18, 1, 0),
(21, 43, 19, 1, 0),
(22, 43, 20, 1, 0),
(23, 43, 21, 1, 0),
(24, 43, 22, 1, 0),
(25, 43, 23, 1, 0),
(26, 43, 24, 1, 0),
(27, 85, 25, 1, 0),
(28, 43, 26, 2, 0),
(29, 43, 27, 2, 0),
(30, 43, 28, 2, 0),
(31, 43, 29, 2, 0),
(32, 44, 30, 1, 0),
(33, 2, 31, 1, 0),
(34, 43, 32, 1, 0),
(35, 1, 33, 1, 0),
(36, 57, 34, 2, 0),
(37, 57, 35, 2, 0),
(38, 57, 36, 2, 0),
(39, 57, 37, 2, 0),
(40, 57, 38, 2, 0),
(41, 57, 39, 2, 0),
(42, 57, 40, 2, 0),
(43, 60, 40, 1, 0),
(44, 57, 41, 2, 0),
(45, 1, 42, 3, 0),
(46, 1, 43, 3, 0),
(47, 1, 44, 3, 0),
(48, 1, 45, 3, 0),
(49, 1, 46, 3, 0),
(50, 1, 47, 3, 0),
(51, 1, 48, 3, 0),
(52, 1, 49, 3, 0),
(53, 2, 49, 1, 0),
(54, 1, 50, 3, 0),
(55, 2, 50, 1, 0),
(56, 1, 51, 3, 0),
(57, 2, 51, 1, 0),
(58, 1, 52, 3, 0),
(59, 2, 52, 1, 0),
(60, 1, 53, 3, 0),
(61, 2, 53, 1, 0),
(62, 1, 54, 3, 0),
(63, 2, 54, 1, 0),
(64, 1, 55, 3, 0),
(65, 2, 55, 1, 0),
(66, 1, 56, 3, 0),
(67, 2, 56, 1, 0),
(68, 1, 57, 3, 0),
(69, 2, 57, 1, 0),
(70, 1, 58, 3, 0),
(71, 2, 58, 1, 0),
(72, 1, 59, 3, 0),
(73, 2, 59, 1, 0),
(74, 1, 60, 3, 0),
(75, 2, 60, 1, 0),
(76, 1, 61, 3, 0),
(77, 2, 61, 1, 0),
(78, 1, 62, 3, 0),
(79, 2, 62, 1, 0),
(80, 1, 63, 3, 0),
(81, 2, 63, 1, 0),
(82, 1, 64, 3, 0),
(83, 2, 64, 1, 0),
(84, 1, 65, 3, 0),
(85, 2, 65, 1, 0),
(86, 1, 66, 3, 0),
(87, 2, 66, 1, 0),
(88, 1, 67, 3, 0),
(89, 2, 67, 1, 0),
(90, 1, 68, 3, 0),
(91, 2, 68, 1, 0),
(92, 1, 69, 3, 0),
(93, 2, 69, 1, 0),
(94, 1, 70, 3, 0),
(95, 2, 70, 1, 0),
(96, 1, 71, 3, 0),
(97, 2, 71, 1, 0),
(98, 1, 72, 3, 0),
(99, 2, 72, 1, 0),
(100, 1, 73, 3, 0),
(101, 2, 73, 1, 0),
(102, 1, 74, 3, 0),
(103, 2, 74, 1, 0),
(104, 1, 75, 3, 0),
(105, 2, 75, 1, 0),
(106, 1, 76, 3, 0),
(107, 2, 76, 1, 0),
(108, 1, 77, 3, 0),
(109, 2, 77, 1, 0),
(110, 1, 78, 3, 0),
(111, 2, 78, 1, 0),
(112, 1, 79, 3, 0),
(113, 2, 79, 1, 0),
(114, 1, 80, 3, 0),
(115, 2, 80, 1, 0),
(116, 1, 81, 3, 0),
(117, 2, 81, 1, 0),
(118, 1, 82, 3, 0),
(119, 2, 82, 1, 0),
(120, 1, 83, 3, 0),
(121, 2, 83, 1, 0),
(122, 1, 84, 3, 0),
(123, 2, 84, 1, 0),
(124, 1, 85, 3, 0),
(125, 2, 85, 1, 0),
(126, 1, 86, 3, 0),
(127, 2, 86, 1, 0),
(128, 1, 87, 3, 0),
(129, 2, 87, 1, 0),
(130, 1, 88, 3, 0),
(131, 2, 88, 1, 0),
(132, 1, 89, 3, 0),
(133, 2, 89, 1, 0),
(134, 1, 90, 3, 0),
(135, 2, 90, 1, 0),
(136, 1, 91, 3, 0),
(137, 2, 91, 1, 0),
(138, 1, 92, 3, 0),
(139, 2, 92, 1, 0),
(140, 1, 93, 3, 0),
(141, 2, 93, 1, 0),
(142, 1, 94, 3, 0),
(143, 2, 94, 1, 0),
(144, 78, 95, 2, 0),
(145, 78, 96, 2, 0),
(146, 78, 97, 2, 0),
(147, 78, 98, 2, 0),
(148, 78, 99, 2, 0),
(149, 78, 100, 2, 0),
(150, 78, 101, 2, 0),
(151, 78, 102, 2, 0),
(152, 78, 103, 2, 0),
(153, 78, 104, 2, 0),
(154, 78, 105, 2, 0),
(155, 78, 106, 2, 0),
(156, 78, 107, 2, 0),
(157, 78, 108, 2, 0),
(158, 78, 109, 2, 0),
(159, 78, 110, 2, 0),
(160, 78, 111, 2, 0),
(161, 1, 112, 1, 0),
(162, 1, 113, 1, 0),
(163, 1, 114, 1, 0),
(164, 1, 115, 1, 0),
(165, 1, 116, 1, 0),
(166, 1, 117, 1, 0),
(167, 1, 118, 3, 0),
(168, 1, 119, 3, 0),
(169, 1, 122, 2, 0),
(170, 3, 122, 1, 0),
(171, 64, 124, 1, 119),
(172, 66, 124, 1, 119),
(173, 68, 124, 1, 119),
(174, 92, 124, 1, 99),
(175, 98, 124, 1, 99),
(176, 26, 124, 2, 129),
(177, 36, 125, 2, 139),
(178, 43, 125, 1, 169),
(179, 36, 126, 1, 139),
(180, 42, 126, 1, 139),
(181, 36, 127, 1, 139),
(182, 42, 127, 1, 139),
(183, 36, 128, 1, 139),
(184, 42, 128, 1, 139),
(185, 36, 129, 1, 139),
(186, 42, 129, 1, 139),
(187, 36, 130, 1, 139),
(188, 42, 130, 1, 139),
(189, 36, 131, 2, 139),
(190, 40, 131, 1, 139),
(191, 36, 132, 1, 139),
(192, 39, 132, 2, 139),
(193, 36, 133, 1, 139),
(194, 41, 133, 1, 139),
(195, 36, 134, 1, 139),
(196, 41, 134, 1, 139),
(197, 43, 135, 3, 169),
(198, 44, 135, 1, 169),
(199, 28, 135, 4, 129),
(200, 71, 136, 1, 189),
(201, 71, 137, 1, 189),
(202, 46, 137, 1, 169),
(203, 36, 138, 1, 139),
(204, 36, 139, 1, 139),
(205, 36, 140, 1, 139),
(206, 36, 141, 1, 139),
(207, 36, 142, 1, 139),
(208, 36, 143, 1, 139),
(209, 43, 144, 1, 169),
(210, 36, 145, 2, 139),
(211, 41, 145, 1, 139),
(212, 53, 145, 2, 179),
(213, 50, 145, 1, 179);

-- --------------------------------------------------------

--
-- Tabellstruktur `payments`
--

CREATE TABLE IF NOT EXISTS `payments` (
  `id` smallint(6) NOT NULL AUTO_INCREMENT,
  `order_id` smallint(6) NOT NULL,
  `card_number` bigint(16) NOT NULL,
  `expiry_date` varchar(5) COLLATE utf8mb4_unicode_ci NOT NULL,
  PRIMARY KEY (`id`,`order_id`)
) ENGINE=InnoDB  DEFAULT CHARSET=utf8mb4 COLLATE=utf8mb4_unicode_ci AUTO_INCREMENT=143 ;

--
-- Dumpning av Data i tabell `payments`
--

INSERT INTO `payments` (`id`, `order_id`, `card_number`, `expiry_date`) VALUES
(1, 1, 5545015580880944, '11-09'),
(2, 2, 5545015580480944, '11-09'),
(3, 3, 5545015580480944, '09-09'),
(4, 4, 5545015580480944, '01-01'),
(5, 5, 5545015580480944, '09-09'),
(6, 6, 5545015580480944, '09-09'),
(7, 7, 5545015580480944, '09-09'),
(8, 8, 5545015580480944, '09-09'),
(9, 9, 4455015580840988, '09-09'),
(10, 10, 5545015548809921, '09-09'),
(11, 11, 5545015548800909, '11-01'),
(12, 12, 4455015584400909, '11-11'),
(13, 13, 4455015580480909, '11-11'),
(14, 14, 4455015580480909, '11-11'),
(15, 15, 4455015580480909, '11-11'),
(16, 16, 4455015580480090, '11-11'),
(17, 17, 4455015580480909, '11-11'),
(18, 18, 4455015580480909, '11-11'),
(19, 19, 4455015584809090, '11-11'),
(20, 20, 4455015584809090, '11-11'),
(21, 21, 4455015584409090, '11-11'),
(22, 22, 4455015549809090, '11-11'),
(23, 23, 4455015589409090, '11-11'),
(24, 24, 4455015589409090, '11-11'),
(25, 25, 4455015589409090, '11-11'),
(26, 26, 4455015589409090, '11-11'),
(27, 27, 4455015549909090, '11-11'),
(28, 28, 4455015589919090, '11-11'),
(29, 29, 4455015589199090, '11-11'),
(30, 30, 4455015549090909, '11-11'),
(31, 31, 4455015549890909, '11-11'),
(32, 32, 4444444444444444, '12-12'),
(33, 33, 4455015589490909, '11-11'),
(34, 34, 4455015589490909, '09-09'),
(35, 35, 4455015589490909, '09-09'),
(36, 36, 4455015589490909, '09-09'),
(37, 37, 4455015589490909, '09-09'),
(38, 38, 4455015589490909, '09-09'),
(39, 39, 4455015589490909, '09-09'),
(40, 40, 5271286923820308, '16-10'),
(41, 41, 4455015589490909, '09-09'),
(42, 42, 4455015589490909, '09-09'),
(43, 43, 4455015589490909, '09-09'),
(44, 44, 4455015589490909, '09-09'),
(45, 45, 4455015589490909, '09-09'),
(46, 46, 4455015589490909, '09-09'),
(47, 47, 4455015589490909, '09-09'),
(48, 48, 4455015589490909, '09-09'),
(49, 49, 4455015589490909, '09-09'),
(50, 50, 4455015589490909, '09-09'),
(51, 51, 4455015589490909, '09-09'),
(52, 52, 4455015589490909, '09-09'),
(53, 53, 4455015589490909, '09-09'),
(54, 54, 4455015589490909, '09-09'),
(55, 55, 4455015589490909, '09-09'),
(56, 56, 4455015589490909, '09-09'),
(57, 57, 4455015589490909, '09-09'),
(58, 58, 4455015589490909, '09-09'),
(59, 59, 4455015589490909, '09-09'),
(60, 60, 4455015589490909, '09-09'),
(61, 61, 4455015589490909, '09-09'),
(62, 62, 4455015589490909, '09-09'),
(63, 63, 4455015589490909, '09-09'),
(64, 64, 4455015589490909, '09-09'),
(65, 65, 4455015589490909, '09-09'),
(66, 66, 4455015589490909, '09-09'),
(67, 67, 4455015589490909, '09-09'),
(68, 68, 4455015589490909, '09-09'),
(69, 69, 4455015589490909, '09-09'),
(70, 70, 4455015589490909, '09-09'),
(71, 71, 4455015589490909, '09-09'),
(72, 72, 4455015589490909, '09-09'),
(73, 73, 4455015589490909, '09-09'),
(74, 74, 4455015589490909, '09-09'),
(75, 75, 4455015589490909, '09-09'),
(76, 76, 4455015589490909, '09-09'),
(77, 77, 4455015589490909, '09-09'),
(78, 78, 4455015589490909, '09-09'),
(79, 79, 4455015589490909, '09-09'),
(80, 80, 4455015589490909, '09-09'),
(81, 81, 4455015589490909, '09-09'),
(82, 82, 4455015589490909, '09-09'),
(83, 83, 4455015589490909, '09-09'),
(84, 84, 4455015589490909, '09-09'),
(85, 85, 4455015589490909, '09-09'),
(86, 86, 4455015589490909, '09-09'),
(87, 87, 4455015589490909, '09-09'),
(88, 88, 4455015589490909, '09-09'),
(89, 89, 4455015589490909, '09-09'),
(90, 90, 4455015589490909, '09-09'),
(91, 91, 4455015589490909, '09-09'),
(92, 92, 4455015589490909, '09-09'),
(93, 93, 4455015589490909, '09-09'),
(94, 94, 4455015589490909, '09-09'),
(95, 95, 4455015589490909, '09-09'),
(96, 96, 4455015589490909, '09-09'),
(97, 97, 4455015589490909, '09-09'),
(98, 98, 4455015589490909, '09-09'),
(99, 99, 4455015589490909, '09-09'),
(100, 100, 4455015589490909, '09-09'),
(101, 101, 4455015589490909, '09-09'),
(102, 102, 4455015589490909, '09-09'),
(103, 103, 4455015589490909, '09-09'),
(104, 104, 4455015589490909, '09-09'),
(105, 105, 4455015589490909, '09-09'),
(106, 106, 4455015589490909, '09-09'),
(107, 107, 4455015589490909, '09-09'),
(108, 108, 4455015589490909, '09-09'),
(109, 109, 4455015589490909, '09-09'),
(110, 110, 4455015589490909, '09-09'),
(111, 111, 4455015589490909, '09-09'),
(112, 112, 4455015589490909, '09-09'),
(113, 113, 4455015589490909, '09-09'),
(114, 114, 4455015589490909, '09-09'),
(115, 115, 4455015589490909, '09-09'),
(116, 116, 4455015589490909, '09-09'),
(117, 117, 4455015589490909, '09-09'),
(118, 118, 4455015589490909, '09-09'),
(119, 119, 4455015589490909, '09-09'),
(120, 122, 5280403259392286, '09-09'),
(121, 124, 4444444444444444, '09-09'),
(122, 125, 5362979470738184, '09-09'),
(123, 126, 5362979470738184, '09-09'),
(124, 127, 5362979470738184, '09-09'),
(125, 128, 5362979470738184, '09-09'),
(126, 129, 5362979470738184, '09-09'),
(127, 130, 5362979470738184, '09-09'),
(128, 131, 5362979470738184, '09-09'),
(129, 132, 5362979470738184, '09-09'),
(130, 133, 5362979470738184, '09-09'),
(131, 134, 5362979470738184, '09-09'),
(132, 135, 4444444444444444, '09-09'),
(133, 136, 5362979470738184, '09-09'),
(134, 137, 5362979470738184, '09-09'),
(135, 138, 5362979470738184, '09-09'),
(136, 139, 5362979470738184, '09-09'),
(137, 140, 5362979470738184, '09-09'),
(138, 141, 5362979470738184, '09-09'),
(139, 142, 5362979470738184, '09-09'),
(140, 143, 5362979470738184, '09-09'),
(141, 144, 5362979470738184, '09-09'),
(142, 145, 5362979470738184, '09-09');

-- --------------------------------------------------------

--
-- Tabellstruktur `tees`
--

CREATE TABLE IF NOT EXISTS `tees` (
  `id` int(10) NOT NULL AUTO_INCREMENT,
  `price` smallint(6) NOT NULL,
  `color` varchar(10) COLLATE utf8mb4_unicode_ci NOT NULL,
  `discount` smallint(6) NOT NULL DEFAULT '0',
  `name` varchar(60) COLLATE utf8mb4_unicode_ci NOT NULL,
  `description` text CHARACTER SET latin1 NOT NULL,
  `sex` varchar(10) CHARACTER SET latin1 NOT NULL,
  PRIMARY KEY (`id`)
) ENGINE=InnoDB  DEFAULT CHARSET=utf8mb4 COLLATE=utf8mb4_unicode_ci AUTO_INCREMENT=27 ;

--
-- Dumpning av Data i tabell `tees`
--

INSERT INTO `tees` (`id`, `price`, `color`, `discount`, `name`, `description`, `sex`) VALUES
(1, 349, 'Svart', 10, 'The Element of Surprise!', 'Topp från UTique. Figurnära modell med rundad halsringning samt brottarrygg.\r\nTillverkad av 95% Viskos och 5% Elastan.\r\n\r\nModellen är 177 cm lång och bär storlek Small.', 'Herr'),
(2, 159, 'Vit', 0, 'And God Said', 'Topp från UTique. Figurnära modell med rundad halsringning samt brottarrygg.\r\nTillverkad av 95% Viskos och 5% Elastan.\r\n\r\nModellen är 177 cm lång och bär storlek Small.', 'Herr'),
(3, 279, 'Vit', 0, 'Grammar Police', 'Topp från UTique. Figurnära modell med rundad halsringning samt brottarrygg.\r\nTillverkad av 95% Viskos och 5% Elastan.\r\n\r\nModellen är 177 cm lång och bär storlek Small.', 'Herr'),
(4, 129, 'Vit', 0, 'Staring Owl', 'Topp från UTique. Figurnära modell med rundad halsringning samt brottarrygg.\r\nTillverkad av 95% Viskos och 5% Elastan.\r\n\r\nModellen är 177 cm lång och bär storlek Small.', 'Dam'),
(5, 99, 'Svart', 0, '...and it was delicious!', 'Topp från UTique. Figurnära modell med rundad halsringning samt brottarrygg.\r\nTillverkad av 95% Viskos och 5% Elastan.\r\n\r\nModellen är 177 cm lång och bär storlek Small.', 'Herr'),
(6, 139, 'Svart', 0, 'Durian', 'Topp från UTique. Figurnära modell med rundad halsringning samt brottarrygg.\r\nTillverkad av 95% Viskos och 5% Elastan.\r\n\r\nModellen är 177 cm lång och bär storlek Small.', 'Dam'),
(7, 169, 'Blå', 0, 'Be Rational! - Get Real!', 'Topp från UTique. Figurnära modell med rundad halsringning samt brottarrygg.\r\nTillverkad av 95% Viskos och 5% Elastan.\r\n\r\nModellen är 177 cm lång och bär storlek Small.', 'Herr'),
(8, 179, 'Rosa', 0, 'Batgirl', 'Topp från UTique. Figurnära modell med rundad halsringning samt brottarrygg.\r\nTillverkad av 95% Viskos och 5% Elastan.\r\n\r\nModellen är 177 cm lång och bär storlek Small.', 'Dam'),
(9, 59, 'Svart', 0, 'Gamer Love', 'Topp från UTique. Figurnära modell med rundad halsringning samt brottarrygg.\r\nTillverkad av 95% Viskos och 5% Elastan.\r\n\r\nModellen är 177 cm lång och bär storlek Small.', 'Dam'),
(10, 119, 'Vit', 0, 'I love nerds', 'Topp från UTique. Figurnära modell med rundad halsringning samt brottarrygg.\r\nTillverkad av 95% Viskos och 5% Elastan.\r\n\r\nModellen är 177 cm lång och bär storlek Small.', 'Dam'),
(11, 189, 'Svart', 0, 'Pimp', 'Topp från UTique. Figurnära modell med rundad halsringning samt brottarrygg.\r\nTillverkad av 95% Viskos och 5% Elastan.\r\n\r\nModellen är 177 cm lång och bär storlek Small.', 'Herr'),
(12, 199, 'Svart', 0, 'We Can Do It!', 'Topp från UTique. Figurnära modell med rundad halsringning samt brottarrygg.\r\nTillverkad av 95% Viskos och 5% Elastan.\r\n\r\nModellen är 177 cm lång och bär storlek Small.', 'Dam'),
(13, 189, 'Blå', 0, 'If you''re happy and you know it...', 'Topp från UTique. Figurnära modell med rundad halsringning samt brottarrygg.\r\nTillverkad av 95% Viskos och 5% Elastan.\r\n\r\nModellen är 177 cm lång och bär storlek Small.', 'Dam'),
(14, 99, 'Blå', 0, 'I love my Swedish husband', 'Topp från UTique. Figurnära modell med rundad halsringning samt brottarrygg.\r\nTillverkad av 95% Viskos och 5% Elastan.\r\n\r\nModellen är 177 cm lång och bär storlek Small.', 'Dam'),
(15, 99, 'Vit', 0, '3% Neanderthal DNA', 'Topp från UTique. Figurnära modell med rundad halsringning samt brottarrygg. Tillverkad av 95% Viskos och 5% Elastan. Modellen är 177 cm lång och bär storlek Small.', 'Herr'),
(16, 199, 'Vit', 0, 'ADHD', 'Topp från UTique. Figurnära modell med rundad halsringning samt brottarrygg. Tillverkad av 95% Viskos och 5% Elastan. Modellen är 177 cm lång och bär storlek Small.', 'Herr'),
(17, 399, 'Vit', 0, 'I care about this Alot', 'Topp från UTique. Figurnära modell med rundad halsringning samt brottarrygg. Tillverkad av 95% Viskos och 5% Elastan. Modellen är 177 cm lång och bär storlek Small.', 'Herr'),
(18, 59, 'Svart', 0, '100% atheist', 'Topp från UTique. Figurnära modell med rundad halsringning samt brottarrygg. Tillverkad av 95% Viskos och 5% Elastan. Modellen är 177 cm lång och bär storlek Small.', 'Dam'),
(19, 99, 'Svart', 0, 'Bacon', 'Topp från UTique. Figurnära modell med rundad halsringning samt brottarrygg. Tillverkad av 95% Viskos och 5% Elastan. Modellen är 177 cm lång och bär storlek Small.', 'Herr'),
(20, 299, 'Svart', 0, 'Beer', 'Topp från UTique. Figurnära modell med rundad halsringning samt brottarrygg. Tillverkad av 95% Viskos och 5% Elastan. Modellen är 177 cm lång och bär storlek Small.', 'Herr'),
(21, 99, 'Svart', 0, 'But Calculus is fun', 'Topp från UTique. Figurnära modell med rundad halsringning samt brottarrygg. Tillverkad av 95% Viskos och 5% Elastan. Modellen är 177 cm lång och bär storlek Small.', 'Herr'),
(22, 99, 'Svart', 0, 'I can explain it to you...', 'Topp från UTique. Figurnära modell med rundad halsringning samt brottarrygg. Tillverkad av 95% Viskos och 5% Elastan. Modellen är 177 cm lång och bär storlek Small.', 'Herr'),
(23, 499, 'Lila', 0, 'Cupcake rainbow', 'Topp från UTique. Figurnära modell med rundad halsringning samt brottarrygg. Tillverkad av 95% Viskos och 5% Elastan. Modellen är 177 cm lång och bär storlek Small.', 'Dam'),
(24, 199, 'Rosa', 0, 'I am his MRS', 'Topp från UTique. Figurnära modell med rundad halsringning samt brottarrygg. Tillverkad av 95% Viskos och 5% Elastan. Modellen är 177 cm lång och bär storlek Small.', 'Dam'),
(25, 299, 'Vit', 0, 'I pooped today!', 'Topp från UTique. Figurnära modell med rundad halsringning samt brottarrygg. Tillverkad av 95% Viskos och 5% Elastan. Modellen är 177 cm lång och bär storlek Small.', 'Herr'),
(26, 79, 'Blå', 0, 'Lions', 'Topp från UTique. Figurnära modell med rundad halsringning samt brottarrygg. Tillverkad av 95% Viskos och 5% Elastan. Modellen är 177 cm lång och bär storlek Small.', 'Dam');

-- --------------------------------------------------------

--
-- Tabellstruktur `users`
--

CREATE TABLE IF NOT EXISTS `users` (
  `id` int(11) NOT NULL AUTO_INCREMENT,
  `username` varchar(50) COLLATE utf8mb4_unicode_ci NOT NULL,
  `password` varchar(60) COLLATE utf8mb4_unicode_ci NOT NULL,
  `customer_id` int(11) DEFAULT NULL,
  `created` datetime DEFAULT NULL,
  PRIMARY KEY (`id`)
) ENGINE=InnoDB  DEFAULT CHARSET=utf8mb4 COLLATE=utf8mb4_unicode_ci AUTO_INCREMENT=30 ;

--
-- Dumpning av Data i tabell `users`
--

INSERT INTO `users` (`id`, `username`, `password`, `customer_id`, `created`) VALUES
(1, 'Jakst', '$2a$10$KfNEq7q9Fs2p/DzDI7jB5ez6ELMjaQRqgfGujToLnQP7n7FW.K9bO', 2, '2014-04-02 14:33:00'),
(2, 'ylvjo', '$2a$10$vetPM2FazjiLj0z5B7kWAOwPDJZCdquWGrVl99g3Zx5UeDjpyOYW6', NULL, '2014-04-03 03:42:05'),
(3, 'derp', '$2a$10$w2W8igKsviZU7B0eRqU2dOgLfR7MlgjSFNFWtPtTkSczlS3hkYKHu', NULL, '2014-04-03 03:22:56'),
(4, 'YlvaJohansson', '$2a$10$Q5vpG7mdnneQZXTdP.lFkOdUou4XAQIwQLZqC3LsW.I0/AyP/hKwC', NULL, '2014-04-03 05:46:33'),
(5, 'Lulz', '$2a$10$zT52XZc3GW0JRMY0wLqbwOHdeTgUIojEOtefuKh86Gmx9gtLsQnGW', NULL, '2014-04-04 05:58:38'),
(6, 'Lulz2', '$2a$10$BAAd1gkznc0aOMr0RxRp4O8pUH7phchTAWRoP1eo9DGlMrkNRHDqm', NULL, '2014-04-04 06:00:58'),
(7, 'lkid456', '$2a$10$D0R0LY/YR7TXQgK4VNDKJ.A837Lgy.dWkc7GOPvN0QIHNdET2xzwi', NULL, '2014-04-04 06:08:20'),
(8, 'herp', '$2a$10$Y69cwuqcgHZHlVYGtsVMSOUGVzaD91HWfT.2.4i.UBr5guxlvN2O2', NULL, '2014-04-04 06:12:38'),
(9, 'flums', '$2a$10$4BJ/HvjAqH8k8S3VG5Pr1Ob1lFB8qfK4WFk7DQq9o8duTPek7mFmW', NULL, '2014-04-04 06:51:28'),
(10, 'flumss', '$2a$10$Q/eTTdMGij7A4DHcP5XVJ.Agfo8bJZdE9qAZZH3RmjO89taWZiY5K', NULL, '2014-04-04 06:52:19'),
(11, 'flumsss', '$2a$10$GGgaIwSvu3tEDsq1tOuCvukLdDMshGG0cFIwxHWZMKHgXorLedZqS', NULL, '2014-04-04 06:52:31'),
(12, 'helloy', '$2a$10$UuomdBGw2kEDzjeqg9AFQusyzoUSnh0REtkOAa5I7xKLEvtwoOqau', NULL, '2014-04-04 06:54:03'),
(13, 'flerp2', '$2a$10$4.aoePXSxBIvVKtyszDnduW6ltKEzJDadS1DWJM0Ac672UxZu6Dti', NULL, '2014-04-04 06:54:46'),
(14, 'kaka', '$2a$10$/rOBUx7yV/3kQ9ktW62j.O3x34Nl84tBLbGXndn4ndlVP9pVKmyT2', NULL, '2014-04-04 06:59:40'),
(15, 'lksdf', '$2a$10$z8ldqTguVZiMUr.vuUavj.34m1pktVwqifO44F8bEWH3RvJRzCraS', NULL, '2014-04-04 07:07:03'),
(16, 'poler', '$2a$10$/MfEgB6QDjySb1LQOZeOEucXDawSm72DOUBedSBBCvtWhYPg51dca', NULL, '2014-04-04 07:11:49'),
(17, 'polers', '$2a$10$hliTX/DNHeX80KIm/QlmQ.wQvoBOeFC5GLSIiDyH1Bqa8EGgXrNm.', NULL, '2014-04-04 07:13:01'),
(18, 'puertorico', '$2a$10$gYkQjrT8p0nFgNoJVtJ.l.N1huCpKZttSExvt40X6nAiHqgfQYnUu', NULL, '2014-04-04 07:13:26'),
(19, 'poiu', '$2a$10$jKfSZN2Jh/qg/sgqD4C7AuTeflyFoc1XAc/.i6Gk3MyjeOhV/PTj.', NULL, '2014-04-04 07:14:21'),
(20, 'lkad', '$2a$10$b.zH4wzjpGyRsFMAN34gdu9OXkOTvkj43/P6N8DlkG.brpGTQeyn6', NULL, '2014-04-04 07:16:30'),
(21, 'chochop', '$2a$10$9IKJER8xcOFeU/dObP0WEeV3Cd2BIHMb4kjQstR7Jy7ccJHjmm/FG', NULL, '2014-04-04 07:17:21'),
(22, 'pqowi', '$2a$10$K7XxDmP0/HnSFTf4CHVZrujvWLV5m9JPxKdb53rkPVTvp62rE6X4y', NULL, '2014-04-04 07:19:04'),
(23, 'Madden', '$2a$10$hVfFfv7Zp3nByfUnvp8DDuJDyfaucUZory7/dOjR3pXxvE1pWfkSK', NULL, '2014-04-04 07:23:01'),
(24, 'Göran', '$2a$10$zELVyJSBSM2sYODAG0CzneKS6EuYRciNBZ/kz8Y9ANUYhla83yp2y', NULL, '2014-04-04 07:29:43'),
(25, 'Hans', '$2a$10$mwhSRh5keDGjKksyn44Ux.M7Vgxz1XIbD4tN8dphj6XFpX9enKNa2', NULL, '2014-04-04 09:16:26'),
(26, 'Greta', '$2a$10$eX3B6bJZQf9xB5VuPpwVIOD60JwoDjvyYOC561G4yks0erEL4pAPe', NULL, '2014-04-04 09:19:09'),
(27, 'Peter', '$2a$10$c.OdBZX2G9Kd2dFJp0wdjuDAVEzRe4QCM1qlvrzc82JOCEm/LDnP.', NULL, '2014-04-04 09:24:09'),
(28, 'Olle', '$2a$10$BULjv7ooXuX1nEcQNF5DSOFtwdQ.zz8aoofvbM8e2DyUo3FMlURR.', NULL, '2014-04-04 09:26:38'),
(29, 'Mimmi', '$2a$10$BYA8cluKWfLJeEX3XzQxSudfHsgvPWA6sov1SAmGPETgLYQVji1iC', NULL, '2014-04-04 09:28:19');

/*!40101 SET CHARACTER_SET_CLIENT=@OLD_CHARACTER_SET_CLIENT */;
/*!40101 SET CHARACTER_SET_RESULTS=@OLD_CHARACTER_SET_RESULTS */;
/*!40101 SET COLLATION_CONNECTION=@OLD_COLLATION_CONNECTION */;
